smiles,pIC50
Oc1cc(-c2ncc3c(N4CC5CCC(C4)N5)nc(OCC45CCCN4C(CF)CC5)nc3c2F)c2ccccc2c1,10
Oc1cc(Cl)c(C(F)(F)F)c(-c2ncc3c(N4CC5CCC(C4)N5)nc(OC[C@@]45CCCN4C[C@H](F)C5)nc3c2F)c1,10
Oc1cc(-c2ncc3c(N4CC5CCC(C4)N5)nc(OC[C@@]45CCCN4C[C@H](F)C5)nc3c2F)c2c(Cl)cccc2c1,9.698970004336019
[2H]C([2H])([2H])N(c1nc(OC([2H])([2H])C23CCC([2H])([2H])N2C[C@]([2H])(F)C3)nc2c(F)c(-c3cc(O)cc4ccc(F)c(C#C)c34)ncc12)[C@H]1C[C@@H]1F,9.665546248849068
C#Cc1c(F)ccc2cc(O)cc(-c3ncc4c(N(C)[C@H]5C[C@@H]5F)nc(OC[C@@]56CCCN5CC(=C)C6)nc4c3F)c12,9.609064893
C#Cc1cccc2cc(O)cc(-c3ncc4c(N5CC6CCC(C5)N6)nc(OCC56CCCN5CCC6)nc4c3F)c12,9.522878745280337
C#Cc1c(F)ccc2cc(O)cc(-c3ncc4c(N(C)[C@H]5C[C@@H]5F)nc(OCC56CCCN5CC(=C)C6)nc4c3F)c12.OCC(F)(F)F,9.430626090384955
Oc1cc(-c2ncc3c(N4CC5CCC(C4)N5)nc(OCC45CCCN4CCC5)nc3c2F)c2c(Cl)cccc2c1,9.397940008672037
CN1CCC[C@H]1COc1nc(N2CC3CCC(C2)N3)c2cnc(-c3cc(O)cc4cccc(Cl)c34)c(F)c2n1,9.397940008672037
Oc1ccc(OC(F)(F)F)c(-c2ncc3c(N4CC5CCC(C4)N5)nc(OCC45CCCN4C[C@H](F)C5)nc3c2F)c1,9.397940008672037
C#Cc1c(F)ccc2cc(O)cc(-c3ncc4c(N5CC6CCC(C5)N6)nc(OC[C@@]56CCCN5C[C@H](F)C6)nc4c3F)c12,9.397940008672037
C#Cc1cccc2cc(O)cc(-c3ncc4c(N5CC6CCC(C5)N6)nc(OC[C@@]56CCCN5C[C@H](F)C6)nc4c3F)c12,9.397940008672037
C#Cc1c(F)ccc2cc(O)cc(-c3ncc4c(N(C)[C@H]5C[C@@H]5F)nc(OCC56CCCN5CC(=C)C6)nc4c3F)c12.O=C(O)C(F)(F)F,9.392544977
Oc1cc(-c2ncc3c(N4CC5CCC(C4)N5)nc(OCC45CCCN4CCC5)nc3c2F)c2ccccc2c1,9.301029995663981
Oc1cc(-c2ncc3c(N4CC5CCC(C4)N5)nc(OCC45CCCN4CCC5)nc3c2F)c2c(Cl)c(F)ccc2c1,9.301029995663981
C=CC(=O)N1C[C@H](C)N(c2nc(=O)n3c4nc(c(Cl)cc24)-c2c(ccc(F)c2F)OCCCc2ncnc(C(C)C)c2-3)C[C@H]1C,9.292429823902063
[2H]C1([2H])Oc2ccc(F)c(F)c2-c2nc3c(cc2Cl)c(N2C[C@@H](C)N(C(=O)C=C)C[C@@H]2C)nc(=O)n3-c2c(ccnc2C(C)C)OC1([2H])[2H],9.292429823902063
C=CC(=O)N1CCN(c2nc(=O)n3c4nc(c(Cl)cc24)-c2c(F)cccc2OCC(F)(F)CCc2ccnc(C(C)C)c2-3)[C@@H](C)C1,9.251811973
C#Cc1c(F)ccc2cc(O)cc(-c3ncc4c(N(C)[C@H]5C[C@@H]5F)nc(OC[C@]56CCCN5CC(=C)C6)nc4c3F)c12,9.229884705212898
Oc1cc(-c2ncc3c(N4CC5CCC(C4)N5)nc(OC[C@@]45CCCN4C[C@H](F)C5)nc3c2F)c2c(F)cccc2c1,9.227965977824862
COC1CN2CCCC2(COc2nc(N3CC4CCC(C3)N4)c3cnc(-c4cc(O)cc5cccc(F)c45)c(F)c3n2)C1,9.221848749616356
C#Cc1c(F)ccc2cc(O)cc(-c3ncc4c(N5CC6CCC(C5)N6)nc(OCC56CCCN5CCC6)nc4c3F)c12,9.221848749616356
Oc1cc(-c2ncc3c(N4CC5CCC(C4)N5)nc(OC[C@@]45CCCN4C[C@H](F)C5)nc3c2F)c2c(F)c(F)ccc2c1,9.221848749616356
CCc1c(F)ccc2cc(O)cc(-c3ncc4c(N5CC6CCC(C5)N6)nc(OCC56CCCN5CCC6)nc4c3F)c12,9.221848749616356
[2H]C([2H])([2H])N(c1nc(OC([2H])([2H])C23CCC([2H])([2H])N2C[C@@]([2H])(F)C3)nc2c(F)c(-c3cc(O)cc4ccc(F)c(C#C)c34)ncc12)[C@H]1C[C@@H]1F,9.161780778092375
Oc1cc(N2CCc3c(nc(OCC4(CN5CCOCC5)CC4)nc3N3CC4CCC(C3)N4)C2)c2c(I)cccc2c1,9.154901959985743
Oc1ccc(OC(F)(F)F)c(-c2ncc3c(N4CC5CCC(C4)N5)nc(OCC45CCCN4CCC5)nc3c2F)c1,9.154901959985743
C#Cc1cccc2cccc(-c3ncc4c(N5CC6CCC(C5)N6)nc(OCC56CCCN5CCC6)nc4c3F)c12,9.154901959985743
CSc1cccc2cc(O)cc(-c3ncc4c(N5CC6CCC(C5)N6)nc(OCC56CCCN5C[C@H](F)C6)nc4c3F)c12,9.154901959985743
CN(C)CC1(COc2nc3c(c(N4CC5CCC(C4)N5)n2)CCN(c2cc(O)cc4cccc(I)c24)C3)CC1,9.154901959985743
Oc1cc(Cl)c(C2CC2)c(-c2ncc3c(N4CC5CCC(C4)N5)nc(OC[C@@]45CCCN4C[C@H](F)C5)nc3c2F)c1,9.154901959985743
Oc1cc(-c2ncc3c(N4CC5CCC(C4)N5)nc(OCC45CCCN4CCC5)nc3c2F)c2c(F)cccc2c1,9.154901959985743
CCc1cccc2cc(O)cc(-c3ncc4c(N5CC6CCC(C5)N6)nc(OC[C@@]56CCCN5C[C@H](F)C6)nc4c3F)c12,9.096910013008056
CCc1c(F)ccc2cc(O)cc(-c3ncc4c(N5CC6CCC(C5)N6)nc(OC[C@@]56CCCN5C[C@H](F)C6)nc4c3F)c12,9.096910013008056
C#Cc1c(F)ccc2cccc(-c3ncc4c(N5CC6CCC(C5)N6)nc(OC[C@@]56CCCN5C[C@H](F)C6)nc4c3F)c12,9.045757490560675
Oc1cc(N2CCc3c(nc(OCC4(CN5CC[C@@H](F)C5)CC4)nc3N3CC4CCC(C3)N4)C2)c2c(I)cccc2c1,9.045757490560675
C=CC(=O)N1CCN(c2cc(C(=O)N[C@H](C)CN(C)C)nc3c2CCN(c2c(Cl)c(C)cc4[nH]ncc24)C3)C[C@@H]1CC#N,9.045757490560675
C=CC(=O)N1C[C@H](C)N(c2nc(=O)n3c4nc(c(Cl)cc24)-c2c(F)cccc2OCC(F)(F)COc2ccnc(C(C)C)c2-3)C[C@H]1C,9.040958607678906
C=CC(=O)N1CCN(c2nc(OC[C@@H]3CCCN3C)nc3c2CCN(c2cccc4cccc(C)c24)C3)C[C@@H]1CC#N,9
C=CC(=O)N1CCN(c2nc(OC[C@@H]3CCCN3C)nc3c2CCN(c2cccc4cccc(Cl)c24)C3)C[C@@H]1CC#N,9
C=CC(=O)N1CCN(c2cc(C(=O)N[C@@H]3CCC[C@H]3N(C)C)nc3c2CCN(c2cccc4cccc(C)c24)C3)C[C@@H]1CC#N,9
CCc1c(F)ccc2cc(O)cc(-c3ncc4c(N5CCCC6(CNC(=O)O6)C5)nc(OC[C@@]56CCCN5C[C@H](F)C6)nc4c3F)c12,9
Fc1ccc2cccc(-c3ncc4c(N5CC6CCC(C5)N6)nc(OCC56CCCN5CCC6)nc4c3F)c2c1Cl,9
C#Cc1c(F)ccc2cc(O)cc(-c3ncc4c(N5CCCC6(CCO6)C5)nc(OC[C@@]56CCCN5C[C@H](F)C6)nc4c3F)c12,9
Oc1cc(-c2ncc3c(N4CCC[C@]5(CCO5)C4)nc(OC[C@@]45CCCN4C[C@H](F)C5)nc3c2F)c2c(Cl)c(F)ccc2c1,9
CC[C@H](C)[C@@H]1NC(=O)[C@H](Cc2ccc(-c3ccccc3)cc2)NC(=O)[C@H](CC(C)C)NC(=O)[C@@H]2[C@@H](c3ccccc3)CCN2C(=O)[C@@H](NC(=O)[C@H](CCCNC(=N)N)NC(=O)[C@H](CCCNC(=N)N)NC(C)=O)CSSC[C@@H](C(=O)N[C@@H](CCCNC(=N)N)C(=O)N[C@@H](CCCNC(=N)N)C(N)=O)NC(=O)[C@H](C(C)C)NC(=O)[C@@H]2CCCN2C(=O)[C@H](CC(=O)O)NC(=O)[C@H](Cc2ccc(O)cc2)NC(=O)[C@H](CO)NC1=O,9
C=CCO[C@H]1CCN2C(=O)[C@@H](NC(=O)[C@H](CCCNC(=N)N)NC(=O)[C@H](CCCNC(=N)N)NC(C)=O)CSSC[C@@H](C(=O)N[C@@H](CCCNC(=N)N)C(=O)N[C@@H](CCCNC(=N)N)C(N)=O)NC(=O)[C@H](C(C)C)NC(=O)[C@@H]3CCCN3C(=O)[C@H](CC(=O)O)NC(=O)[C@H](Cc3ccc(O)cc3)NC(=O)[C@H](CO)NC(=O)[C@H]([C@@H](C)CC)NC(=O)[C@H](Cc3ccc(-c4ccccc4)cc3)NC(=O)[C@H]12,9
C=CC(=O)N1C[C@H](C)N(c2nc(=O)n3c4nc(c(Cl)cc24)-c2c(F)ccc(F)c2OCCOc2ccnc(C(C)C)c2-3)C[C@H]1C,8.958607314841775
Oc1cc(N2CCc3c(nc(OCC4(CN5CCOCC5)CC4)nc3N3CC4CCC(C3)N4)C2)c2c(Br)cccc2c1,8.920818753952375
Fc1c(-c2cccc3cccc(Br)c23)ncc2c(N3CC4CCC(C3)N4)nc(OCC34CCCN3CCC4)nc12,8.920818753952375
C=CC(=O)N1C[C@H](C)N(c2nc(=O)n3c4nc(c(F)cc24)-c2c(ccc(F)c2F)OCCC(C)c2ccnc(C(C)C)c2-3)C[C@H]1C,8.853871964321762
C=C1CN2CCC[C@@]2(COc2nc3c4c(c(Cl)c(-c5nc(N)cc(C)c5C(F)(F)F)c(F)c4n2)OC[C@@H]2CN(C(=O)/C=C/c4nccc5c4CNCC5)CCN32)C1,8.823908740944319
Oc1cc(N2CCc3c(nc(OCC4(CN5CC[C@@H](F)C5)CC4)nc3N3CC4CCC(C3)N4)C2)c2c(Br)cccc2c1,8.823908740944319
CCc1ccc(O)cc1-c1ncc2c(N3CC4CCC(C3)N4)nc(OCC34CCCN3CCC4)nc2c1F,8.823908740944319
CN1CCC[C@H]1COc1nc(N2CC3C[C@@H](O)C(C2)N3)c2cnc(-c3cc(O)cc4ccccc34)c(F)c2n1,8.795880017344075
C#CCc1ccc(O)cc1-c1ncc2c(N3CC4CCC(C3)N4)nc(OCC34CCCN3CCC4)nc2c1F,8.795880017344075
CC(C)c1c(Cl)cc(O)cc1-c1ncc2c(N3CC4CCC(C3)N4)nc(OC[C@@]34CCCN3C[C@H](F)C4)nc2c1F,8.795880017344075
Oc1ccc(C(F)(F)F)c(-c2ncc3c(N4CC5CCC(C4)N5)nc(OCC45CCCN4CCC5)nc3c2F)c1,8.795880017344075
C=CC(=O)N1C[C@H](C)N(c2nc(=O)n3c4nc(c(F)cc24)-c2c(F)cccc2OCCCc2ccnc(C(C)C)c2-3)C[C@H]1C,8.769551078621726
Oc1ccc(C(F)(F)F)c(-c2ncc3c(N4CC5CCC(C4)N5)nc(OC[C@@]45CCCN4C[C@H](F)C5)nc3c2F)c1,8.769551078621726
Oc1cc(-c2ncc3c(N4CC5CCC(C4)N5)nc(OC[C@]45CCCN4C[C@@H](F)C5)nc3c2F)c2ccccc2c1,8.721246399047171
Oc1cc(-c2ncc3c(N4CC5CCC(C4)N5)nc(OC[C@@]45CCCN4C[C@H](F)C5)nc3c2F)c2ccccc2c1,8.721246399047171
C#Cc1c(F)ccc2cc(O)cc(-c3ncc4c(N(C)[C@H]5C[C@@H]5F)nc(OC[C@@]56CCCN5C[C@H](F)C6)nc4c3F)c12,8.705533773838408
C#Cc1c(F)ccc2cc(N)cc(-c3ncc4c(N(C)[C@H]5C[C@@H]5F)nc(OCC56CCCN5CC(=C)C6)nc4c3F)c12.OCC(F)(F)F,8.701146923590294
Oc1cc(Cl)c(C2CC2)c(-c2ncc3c(N4CCCC5(CCO5)C4)nc(OC[C@@]45CCCN4C[C@H](F)C5)nc3c2F)c1,8.698970004336019
C=CCO[C@H]1CCN2C(=O)[C@@H](NC(=O)[C@H](CCCNC(=N)N)NC(=O)[C@H](CCCNC(=N)N)NC(C)=O)CSSC[C@@H](C(=O)N[C@@H](CCCNC(=N)N)C(=O)N[C@@H](CCCNC(=N)N)C(N)=O)NC(=O)[C@H](C(C)C)NC(=O)[C@@H]3CCCN3C(=O)[C@H](CC(=O)O)NC(=O)[C@H](Cc3ccc(O)cc3)NC(=O)[C@H](CO)NC(=O)[C@H]([C@@H](C)CC)NC(=O)[C@H](Cc3ccc(-c4ccccc4)cc3)NC(=O)[C@H](CC3CCC3)NC(=O)[C@H]12,8.698970004336019
Oc1cc(-c2ncc3c(N4CCCC5(CC(O)C5)C4)nc(OC[C@@]45CCCN4C[C@H](F)C5)nc3c2F)c2c(F)c(F)ccc2c1,8.698970004336019
CCc1c(F)ccc2cc(O)cc(-c3ncc4c(N5CC(O)CC6(CC6)C5)nc(OC[C@@]56CCCN5C[C@H](F)C6)nc4c3F)c12,8.698970004336019
OCCc1cccc2cccc(-c3ncc4c(N5CC6CCC(C5)N6)nc(OCC56CCCN5CCC6)nc4c3F)c12,8.698970004336019
Oc1cc(-c2ncc3c(N4CCCC5(CCO5)C4)nc(OC[C@@]45CCCN4C[C@H](F)C5)nc3c2F)c2c(F)c(F)ccc2c1,8.698970004336019
CCc1c(F)ccc2cc(O)cc(-c3ncc4c(N5CCCC6(CC(=O)N6)C5)nc(OC[C@@]56CCCN5C[C@H](F)C6)nc4c3F)c12,8.698970004336019
CCc1cccc2cc(O)cc(-c3ncc4c(N5CCCC6(CC(O)C6)C5)nc(OC[C@@]56CCCN5C[C@H](F)C6)nc4c3F)c12,8.698970004336019
CC(C)c1c(F)cc(O)cc1-c1ncc2c(N3CC4CCC(C3)N4)nc(OC[C@@]34CCCN3C[C@H](F)C4)nc2c1F,8.677780705
OCC1CCC2(COc3nc(N4CC5CCC(C4)N5)c4cnc(-c5cccc6cccc(Cl)c56)c(F)c4n3)CCCN12,8.677780705
FCC1CCC2(COc3nc(N4CC5CCC(C4)N5)c4cnc(-c5cccc6ccccc56)c(F)c4n3)CCCN12,8.677780705
N#Cc1c(N)sc2c(F)ccc(-c3c(C(F)(F)F)cc4c(N5CC6CCC(C5)N6)nc(OC[C@@]56CCCN5C[C@H](F)C6)nc4c3F)c12,8.677780705
C=C1CN2CCC[C@@]2(COc2nc(N3CCN(C(=O)/C=C/c4nccc5c4CNCC5)C[C@@H]3C)c3cc(Cl)c(-c4nc(N)cc(C)c4C(F)(F)F)c(F)c3n2)C1,8.677780705
CN1CCC[C@H]1COc1nc(N2CC3CCC(C2)N3)c2cnc(-c3c(Cl)c(O)cc4ccccc34)c(F)c2n1,8.657577319177793
C=CC(=O)N1CCN(c2cc(C(=O)N[C@H](C)CN3CC(C)(O)C3)nc3c2CCN(c2cccc4cccc(C)c24)C3)C[C@@H]1CC#N,8.657577319177793
C=CC(=O)N1C[C@H](C)N(c2nc(=O)n3c4nc(c(F)cc24)-c2c(Cl)cccc2OCCCc2ccnc(C(C)C)c2-3)C[C@H]1C,8.638272163982407
CC(C)c1cccc2cc(O)cc(-c3ncc4c(N5CC6CCC(C5)N6)nc(OC[C@@]56CCCN5C[C@H](F)C6)nc4c3F)c12,8.638272163982407
C=CC(=O)N1CCN(c2nc(=O)n3c4nc(c(F)cc24)-c2c(F)cccc2OCCCCc2ccnc(C(C)C)c2-3)[C@@H](C)C1,8.619788758288394
Oc1cc(-c2ncc3c(N4CC5CCC(C4)N5)nc(OCC45CCCN4C[C@H](F)C5)nc3c2F)c2c(Cl)cccc2c1,8.602059991327963
Oc1cc(-c2ncc3c(N4CC5CCC(C4)N5)nc(OC[C@@H]4CCCN4)nc3c2F)c2ccccc2c1,8.602059991327963
C=CC(=O)N1C[C@H](C)N(c2nc(=O)n3c4nc(c(Cl)cc24)-c2c(F)cccc2OCCc2ccnc(C(C)C)c2-3)C[C@H]1C,8.585026652029182
Cc1cc2[nH]ncc2c(-c2ncc3c(N4CC5CCC(C4)N5)nc(OC[C@@]45CCCN4C[C@H](F)C5)nc3c2F)c1Cl,8.585026652029182
CN1CCC[C@H]1COc1nc(N2CC3CCC(C2)N3)c2cnc(-c3cc(O)cc4ccccc34)c(F)c2n1,8.568636235841012
C=CC(=O)N1C[C@H]2CCOc3c(Cl)c(-c4c(O)cccc4F)c(F)c4ncnc(c34)N2C[C@H]1C,8.522878745280337
CCc1cccc2cc(O)cc(-c3ncc4c(N5CCCC6(CCO6)C5)nc(OC[C@@]56CCCN5C[C@H](F)C6)nc4c3F)c12,8.522878745280337
C=CC(=O)N1C[C@@H]2CCOc3c(Cl)c(-c4c(O)cccc4F)c(F)c4ncnc(c34)N2C[C@H]1C,8.522878745280337
CN1CCC[C@H]1COc1nc2c(c(N3CCN(C(=O)/C=C/CF)[C@@H](CC#N)C3)n1)CCN(c1cccc3cccc(Cl)c13)C2,8.522878745280337
C=CC(=O)N1CCN(c2nc(Oc3cccc4c3CCN(C)C4)nc3c(Oc4c(Cl)c(F)cc5[nH]ncc45)nccc23)CC1,8.522878745280337
CCc1c(F)ccc2cc(O)cc(-c3ncc4c(N5CCCC6(CCO6)C5)nc(OC[C@@]56CCCN5C[C@H](F)C6)nc4c3F)c12,8.522878745280337
Fc1ccc2cccc(-c3ncc4c(N5CC6CCC(C5)N6)nc(OC[C@@]56CCCN5C[C@H](F)C6)nc4c3F)c2c1Cl,8.508638306165727
CO[C@@H]1C[C@@H](COc2nc(N3CC4CCC(C3)N4)c3cnc(-c4cc(O)cc5ccccc45)c(F)c3n2)N(C)C1,8.508638306165727
C#Cc1c(F)ccc2cc(O)cc(-c3ncc4c(N5C[C@H]6CC[C@@H](C5)N6)nc(OC[C@@]56CCCN5C[C@H](F)C6)nc4c3F)c12,8.5
Fc1c(-c2cccc3cccc(Cl)c23)ncc2c(N3CC4CCC(C3)N4)nc(OC[C@]34CCCN3C(CCl)CC4)nc12,8.494850021680094
FCCc1cccc2cccc(-c3ncc4c(N5CC6CCC(C5)N6)nc(OCC56CCCN5CCC6)nc4c3F)c12,8.494850021680094
Cc1cccc2cc(O)cc(N3CCc4c(nc(OCC5(CN6CCOCC6)CC5)nc4N4CC5CCC(C4)N5)C3)c12,8.494850021680094
CC(C)(C)[Si](C)(C)OCC1CCC2(COc3nc(N4CC5CCC(C4)N5)c4cnc(-c5cccc6cccc(Cl)c56)c(F)c4n3)CCCN12,8.481486060122112
Fc1c(-c2cccc(Cl)c2C2CC2)ncc2c(N3CC4CCC(C3)N4)nc(OCC34CCCN3C[C@H](F)C4)nc12,8.468521082957745
C=CC(=O)N1C[C@H](C)N(c2nc(=O)n3c4nc(c(F)cc24)-c2c(F)cccc2OCCCCc2ccnc(C(C)C)c2-3)C[C@H]1C,8.455931955649724
Cc1cc2[nH]ncc2c(-c2ncc3c(N4CC5CCC(C4)N5)nc(OCC45CCCN4CCC5)nc3c2F)c1C,8.455931955649724
Fc1c(-c2cccc3cccc(Cl)c23)ncc2c(N3CC4CCC(C3)N4)nc(OC[C@@]34CCCN3C[C@H](F)C4)nc12,8.431798275933005
Oc1cc(-c2ncc3c(N4CC5CCC(C4)N5)nc(OC[C@@H]4CC5CCN4C5)nc3c2F)c2ccccc2c1,8.397940008672037
C=CC(=O)N1CCN(c2nc(OC[C@@H]3CCCN3C)nc3c2CCN(c2cccc4cccc(C(F)(F)F)c24)C3)C[C@@H]1CC#N,8.397940008672037
C=CC(=O)N1CC2(CC(n3nc(-c4ccc5nn(CCOC)cc5c4)c(-c4c(Cl)c(C)cc5[nH]ncc45)c3C)C2)C1,8.397940008672037
N#Cc1c(N)sc2c(F)ccc(-c3c(Cl)cc4c(N5CC6CCC(C5)N6)nc(OC[C@@]56CCCN5C[C@H](F)C6)nc4c3F)c12,8.37675071
C#Cc1cccc2cc(O)cc(-c3ncc4c(N5CC6CCC(C5)N6)ncnc4c3F)c12,8.37675071
C=CC(=O)N1CCN(c2nc(=O)n3c4nc(c(F)cc24)-c2c(F)cccc2OCCCc2ccnc(C(C)C)c2-3)[C@@H](C)C1,8.366531544420413
C[C@@H]1NC(=O)[C@@H](Cc2ccccc2)NC(=O)[C@@H]2CCCCNC(=O)c3cc(cc(c3)C(=O)N[C@H](Cc3ccc4ccccc4c3)C(=O)N[C@@H](CO)C(=O)N[C@@H](CCC(N)=O)C(=O)N[C@H](Cc3ccc4ccccc4c3)C(=O)N[C@@H](c3ccccc3)C(=O)N2)C(=O)NC[C@@H](C(=O)NCCC(=O)NCCC(=O)NC(CCCCN)C(N)=O)NC(=O)[C@H](CCCNC(=N)N)NC(=O)[C@@H](CCCNC(=N)N)NC1=O,8.356547323513812
C=CC(=O)N1CCN(c2c(C#N)c(=O)n(-c3c(C)ccnc3C(C)C)c3nc(-c4c(N)c(Cl)cc(Cl)c4F)c(Cl)cc23)CC1,8.347637146535376
C=CC(=O)N1CCN(c2cc(C(=O)NC3(CC)CCNC3)nc3c2CCN(c2cccc4cccc(C)c24)C3)C[C@@H]1CC#N,8.346787486224656
C=CC(=O)N1CCN(c2cc(C(=O)NCC3CCCN3C)nc3c2CCN(c2cccc4cccc(C)c24)C3)C[C@@H]1CC#N,8.318758762624412
Fc1c(-c2cccc(Cl)c2C2CC2)ncc2c(N3CC4CCC(C3)N4)nc(OCC34CCCN3CCC4)nc12,8.309803919971486
CCCCC[C@@H]1NC(=O)[C@@H]2CCCN2C(=O)[C@H](CC(=O)O)NC(=O)[C@H](Cc2ccc(O)cc2)NC(=O)[C@H](CO)NC(=O)[C@H]([C@@H](C)CC)NC(=O)[C@H](Cc2ccc(-c3ccccc3)cc2)NC(=O)[C@H](CC(C)C)NC(=O)[C@@H]2CCCN2C(=O)[C@@H](NC(=O)[C@H](CCCNC(=N)N)NC(=O)[C@H](CCCNC(=N)N)NC(C)=O)CSSC[C@@H](C(=O)N[C@@H](CCCNC(=N)N)C(=O)N[C@@H](CCCNC(=N)N)C(N)=O)NC1=O,8.301029995663981
C=C(F)C(=O)N1CCN(c2cc(C(=O)NC(C)CN3CCC(C)(O)C3)nc3c2CCN(c2cccc4cccc(C)c24)C3)C[C@@H]1CC#N,8.301029995663981
C=CC(=O)N1CCN(c2nc(O[C@@H]3CN(C)C[C@H]3OC)nc3c(Oc4c(Cl)c(Cl)cc5[nH]ncc45)nc(Cl)cc23)CC1,8.301029995663981
CN(C)CC1(COc2nc(N3CC4CCC(C3)N4)c3cc(F)c(-c4cc(O)cc5ccccc45)c(F)c3n2)CC1,8.292429823902063
Fc1c(-c2c3ccccc3cc3[nH]ncc23)ncc2c(N3CC4CCC(C3)N4)nc(OCC34CCCN3CCC4)nc12,8.292429823902063
O=C(Cc1ccncc1)N1CCN([C@H]2c3ccc(Cl)cc3CCc3cccnc32)CC1,8.283996656
C=CC(=O)N1CCN(c2cc(C(=O)NC3(C)CCCNC3)nc3c2CCN(c2cccc4cccc(C)c24)C3)C[C@@H]1CC#N,8.267606240177031
CCc1cccc2cc(O)cc(-c3ncc4c(N5C[C@H]6CC[C@@H](C5)N6)nc(OC[C@@H]5CCCN5C)nc4c3F)c12,8.236572006437063
O[C@@H]1CC2CN(c3nc(OCC45CCCN4CCC5)nc4c(F)c(-c5cccc6cccc(Cl)c56)ncc34)C[C@H]1N2,8.229147988357855
C=CC(=O)N1CCN(c2nc(OC[C@@H]3CCCN3C)nc3c2CCN(c2cccc4cccc(CC)c24)C3)C[C@@H]1CC#N,8.221848749616356
C=CC(=O)N1C[C@H](C)N(c2nc(=O)n(-c3c(C(C)C)ncnc3C(C)C)c3nc(-c4ccccc4C(C)C)c(Cl)cc23)C[C@H]1C,8.221848749616356
CCCc1cccc2cccc(-c3ncc4c(N5CC6CCC(C5)N6)nc(OCC56CCCN5CCC6)nc4c3F)c12,8.214670164989233
C=CC(=O)N1CCN(c2cc(C(=O)NC[C@H]3CCCN3)nc3c2CCN(c2cccc4cccc(C)c24)C3)C[C@@H]1CC#N,8.207608310501746
Fc1c(-c2c(OC(F)(F)F)ccc3[nH]ncc23)ncc2c(N3CC4CCC(C3)N4)nc(OCC34CCCN3CCC4)nc12,8.187086643357144
C=CC(=O)N1CCN(c2cc(C(=O)NC(C)CN3CCC(C)(O)C3)nc3c2CCN(c2cccc4cccc(C)c24)C3)C[C@@H]1CC#N,8.175137907
CC[C@H](C)[C@@H]1NC(=O)[C@H](Cc2ccc(-c3ccccc3)cc2)NC(=O)[C@H](CC2CCC2)NC(=O)[C@@H]2[C@@H](c3ccccc3)CCN2C(=O)[C@@H](NC(=O)[C@H](CCCNC(=N)N)NC(=O)[C@H](CCCNC(=N)N)NC(C)=O)CSSC[C@@H](C(=O)N[C@@H](CCCNC(=N)N)C(=O)N[C@@H](CCCNC(=N)N)C(N)=O)NC(=O)[C@H](C(C)C)NC(=O)[C@@H]2CCCN2C(=O)[C@H](CC(=O)O)NC(=O)[C@H](Cc2ccc(O)cc2)NC(=O)[C@H](CO)NC1=O,8.154901959985743
CCc1c(F)ccc2cc(O)cc(-c3ncc4c(N5CCCC6(CCO6)C5)nc(OC[C@@]56CCCN5C[C@H](F)C6)nc4c3C)c12,8.154901959985743
CC[C@H](C)[C@@H]1NC(=O)[C@H](Cc2ccc(-c3ccccc3)cc2)NC(=O)[C@H](CC(C)C)NC(=O)[C@@H]2CCCN2C(=O)[C@@H](NC(=O)[C@H](CCCNC(=N)N)NC(=O)[C@H](CCCNC(=N)N)NC(C)=O)CSSC[C@@H](C(=O)N[C@@H](CCCNC(=N)N)C(=O)N[C@@H](CCCNC(=N)N)C(N)=O)NC(=O)[C@H](C(C)C)NC(=O)[C@@H]2CCCN2C(=O)[C@H](CC(=O)O)NC(=O)[C@H](Cc2ccc(O)cc2)NC(=O)[C@H](CO)NC1=O,8.154901959985743
C=C(F)C(=O)N1CCN(c2nc(OC[C@@H]3CCCN3C)nc3c2CCN(c2cccc4cccc(Cl)c24)C3)C[C@@H]1CC#N,8.150514998
C=CC(=O)N1CCN(c2c(C#N)c(=O)n(-c3c(C(C)C)ncnc3C(C)C)c3nc(-c4c(N)cccc4F)c(Cl)cc23)CC1,8.127162086757531
Oc1cc(-c2ncc3c(N4CC5CCC(C4)N5)nc(OCCCN4C[C@@H]5CC4CO5)nc3c2F)c2ccccc2c1,8.102372908709558
C#Cc1c(F)ccc2cc(O)cc(-c3ncc4c(N5CC6CCC(C5)N6)cc(OC[C@@]56CCCN5C[C@H](F)C6)nc4c3F)c12,8.102372908709558
C=CC(=O)N1C[C@H](C)N(c2nc(=O)n(-c3c(C)ccnc3C(C)C)c3nc(-c4ccc(F)cc4F)c(Cl)cc23)C[C@H]1C,8.096910013008056
C=CC(=O)N1C[C@H](C)N(c2nc(=O)n(-c3c(C(C)C)ncnc3C3CC3)c3nc(-c4ccccc4F)c(Cl)cc23)C[C@H]1C,8.096910013008056
C=CC(=O)N1CCN(c2nc(=O)n(-c3ccccc3C(C)C)c3cc(-c4c(C)ccc5[nH]ncc45)c(Cl)cc23)CC1,8.096910013008056
C=CC(=O)N1CC2(CC(n3nc(-c4ccc5c(cnn5CCOC)c4)c(-c4c(Cl)c(C)cc5[nH]ncc45)c3C)C2)C1,8.096910013008056
C=CC(=O)N1C[C@H](C)N(c2nc(=O)n(-c3c(C)ccnc3C(C)C)c3nc(-c4c(F)cccc4NC(=O)C4CC4)c(Cl)cc23)C[C@H]1C,8.096910013008056
CC(C)c1c(Cl)cccc1-c1ncc2c(N3CC4CCC(C3)N4)nc(OCC34CCCN3CCC4)nc2c1F,8.080921907623926
C=C(F)C(=O)N1CCN(c2cc(C(=O)N[C@H](C)CN(C)C)nc3c2CCN(c2cccc4cccc(C)c24)C3)C[C@@H]1CC#N,8.080921907623926
C=CC(=O)N1CCN(c2cc(C(=O)NCC3CCCCN3)nc3c2CCN(c2cccc4cccc(C)c24)C3)C[C@@H]1CC#N,8.080921907623926
N#Cc1ccc2c(c1)CN(S(=O)(=O)c1cccs1)[C@H](Cc1ccccc1)CN2Cc1c[nH]cn1,8.075720713938118
C=CC(=O)N1CCN(c2c(C#N)c(=O)n(-c3c(C)ccnc3C(C)C)c3nc(-c4c(N)c(Cl)cc(Cl)c4F)c(Cl)cc23)C[C@H]1C,8.068314774285707
CC1(N)CN(c2nc(N3CC4CCC(C3)N4)c3cnc(-c4cc(O)cc5ccccc45)c(F)c3n2)C1,8.065501548756432
FCCCc1cccc2cccc(-c3ncc4c(N5CC6CCC(C5)N6)nc(OCC56CCCN5CCC6)nc4c3F)c12,8.060480747381382
C=CC(=O)N1CCN(c2c(C#N)c(=O)n(-c3c(C)ccnc3C(C)C)c3nc(-c4c(N)c(Cl)cc(Cl)c4F)c(Cl)cc23)CC1CC#N,8.055615604725654
C=CC(=O)N1CCN2c3ncnc4cc(-c5c(C)ccc6[nH]ncc56)c(Cl)c(c34)OCC[C@H]2C1,8.045757490560675
COC/C=C/C(=O)N1CCN(c2nc(OC[C@@H]3CCCN3C)nc3c2CCN(c2cccc4cccc(Cl)c24)C3)C[C@@H]1CC#N,8.045757490560675
CCc1c(Cl)cccc1-c1ncc2c(N3CC4CCC(C3)N4)nc(OCC34CCCN3CCC4)nc2c1F,8.045757490560675
C=CC(=O)N1CCN(c2c(C#N)c(=O)n(-c3c(C)ccnc3C(C)C)c3nc(-c4c(N)c(Cl)cc(Cl)c4F)c(Cl)cc23)C[C@@H]1CC#N,8.044194841064574
N#Cc1c(N)sc2c(F)ccc(-c3c(Cl)cc4c(N5CC6CCC(C5)N6)nc(OCC5(CN6CC[C@@H](F)C6)CC5)nc4c3F)c12,8.036212172654444
C=CC(=O)N1CCN(c2c(C#N)c(=O)n(-c3c(C(C)C)ncnc3C(C)C)c3nc(-c4c(N)c(Cl)cc(Cl)c4F)c(Cl)cc23)CC1,8.028545098
Fc1c(-c2cccc(Cl)c2C(F)(F)F)ncc2c(N3CC4CCC(C3)N4)nc(OCC34CCCN3CCC4)nc12,8.026872146
CC[C@H](C)[C@@H]1NC(=O)[C@H](Cc2ccc(O)cc2)NC(=O)[C@H](CC(C)C)NC(=O)[C@@H]2CCCN2C(=O)[C@@H](NC(=O)[C@H](CCCNC(=N)N)NC(=O)[C@H](CCCNC(=N)N)NC(=O)[C@H](CCCNC(=N)N)NC(=O)[C@H](CCCNC(=N)N)NC(C)=O)CSSC[C@@H](C(=O)N[C@@H](CCCNC(=N)N)C(=O)N[C@@H](CCCNC(=N)N)C(=O)N[C@@H](CCCNC(=N)N)C(=O)N[C@@H](CCCNC(=N)N)C(N)=O)NC(=O)[C@H](C(C)C)NC(=O)[C@H](C)NC(=O)[C@H](CC(=O)O)NC(=O)[C@H](Cc2ccc(O)cc2)NC(=O)[C@H](CO)NC1=O,8.025793517
C#Cc1cccc2cc(O)cc(-c3ncc4c(N5CC6CCC(C5)N6)cc(OC[C@@]56CCCN5C[C@H](F)C6)nc4c3F)c12,8.022276394711152
Cn1ccnc1CCOc1nc(N2CC3CCC(C2)N3)c2cnc(-c3cc(O)cc4ccccc34)c(F)c2n1,8.022276394711152
CN(C)CC1(COc2nc3c(c(N4CC5CCC(C4)N5)n2)CCN(c2cc(O)cc4cccc(Br)c24)C3)CC1(F)F,8.013228265733755
CCC1(N)CN(c2nc(N3CC4CCC(C3)N4)c3cnc(-c4cc(O)cc5ccccc45)c(F)c3n2)C1,8.004364805
C=CC(=O)N1CC2(CC(n3nc(-c4ccc5nn(CCN6CCOCC6)cc5c4)c(-c4c(Cl)c(C)cc5[nH]ncc45)c3C)C2)C1,8
C=CC(=O)N1C[C@H](C)N(c2nc(=O)n(-c3c(C)ccnc3C(C)C)c3nc(-c4cccc(F)c4OC)c(Cl)cc23)C[C@H]1C,8
Cc1cccc2cccc(-c3ncc4c(N5CC6CCC(C5)N6)nc(OCC56CCCN5CCC6)nc4c3F)c12,8
C=CC(=O)N1CCN(c2nc(OC[C@@H]3CCCN3C)nc3c2CCN(c2cccc4ccccc24)C3)C[C@@H]1CC#N,8
C=CC(=O)N1CCN(c2nc(OCC3CCC(COC)N3C)nc3cc(-c4nc(N)ccc4C(F)(F)F)c(Cl)cc23)CC1,8
CCc1cccc2cncc(-c3ncc4c(N5CC6CCC(C5)N6)nc(OCC56CCCN5C[C@H](F)C6)nc4c3F)c12,7.991399828238082
[2H]C([2H])(Oc1nc(N2C[C@H]3CC[C@@H](C2)N3)c2cnc(-c3cc(O)cc4ccc(F)c(C#C)c34)c(F)c2n1)C12CCCN1CC(=C(F)F)C2,7.990549104201306
C=CC(=O)N1[C@H](C)CN(c2c(C#N)c(=O)n(-c3c(C)ccnc3C(C)C)c3nc(-c4c(N)c(Cl)cc(Cl)c4F)c(Cl)cc23)C[C@@H]1C,7.983433901
Fc1c(-c2c(C(F)(F)F)ccc3[nH]ncc23)ncc2c(N3CC4CCC(C3)N4)nc(OCC34CCCN3C[C@H](F)C4)nc12,7.982966660701219
Fc1c(-c2cccc3cccc(OC(F)F)c23)ncc2c(N3CC4CCC(C3)N4)nc(OCC34CCCN3CCC4)nc12,7.978810700930062
Fc1c(-c2cccc3cccc(OC(F)(F)F)c23)ncc2c(N3CC4CCC(C3)N4)nc(OCC34CCCN3CCC4)nc12,7.974694135
Fc1c(-c2cccc3cccc(Cl)c23)ncc2c(N3CC4CCC(C3)N4)nc(OCC34CCCN3CCC4)nc12,7.967677427604031
Fc1c(-c2c(C(F)(F)F)ccc3[nH]ncc23)ncc2c(N3CC4CCC(C3)N4)nc(OCC34CCCN3CCC4)nc12,7.962573502059376
C=CC(=O)N1CCN(c2nc(OC[C@@H]3C[C@@H](F)CN3CCOC)nc3cc(-c4nc(N)ccc4C(F)(F)F)c(Cl)cc23)CC1,7.958607314841775
C=CC(=O)N1CCN(c2nc(OC[C@@H]3C[C@H](F)CN3C)nc3c2C[C@@H](C)[C@H](c2cc(O)cc4ccccc24)C3)[C@@H](C)C1,7.958607314841775
C=CC(=O)N1CCN(c2nc(OC3CCCC3N(C)C)nc3cc(-c4nc(N)cc(C)c4C(F)(F)F)c(Cl)cc23)[C@@H](C)C1,7.958607314841775
C=C(F)C(=O)N1CCN(c2nc(OC[C@@H]3C[C@@H](F)CN3C)nc3cc(-c4nc(N)cc(C)c4C(F)(F)F)c(Cl)cc23)CC1CC#N,7.958607314841775
C=CC(=O)N1CCN(c2nc(OC[C@@H]3C[C@@H](OCC)CN3C)nc3cc(-c4nc(N)ccc4C(F)(F)F)c(Cl)cc23)CC1,7.958607314841775
C=CC(=O)N1CCN(c2nc(=O)n(-c3c(C)ccnc3C(C)C)c3nc(-c4c(O)cccc4F)c(Cl)cc23)[C@@H](C)C1,7.958607314841775
C=CC(=O)N1CCN(c2c(C#N)c(=O)n(-c3c(C)ccnc3C(C)C)c3nc(-c4ccccc4F)c(Cl)cc23)CC1,7.940438067594691
N#Cc1c(N)sc2c(F)ccc(-c3cc4nc(OC[C@@]56CCCN5C[C@H](F)C6)nc(N5CC6CCC(C5)N6)c4cc3Cl)c12,7.935542010773082
Cc1cc(N)nc(-c2c(Cl)cc3c(N4CCN(C(=O)/C=C/CO)C[C@@H]4C)nc(OC[C@@H]4CCCN4C)nc3c2F)c1C(F)(F)F,7.920818753952375
C=CC(=O)N1CCN(c2nc(OC(C)(C)[C@@H]3CCCN3C)nc3cc(-c4nc(N)ccc4C(F)(F)F)c(Cl)cc23)CC1,7.920818753952375
C=CC(=O)N1CCN2c3nc(NC4CCN(C5CC5)CC4)nc4cc(-c5c(C)ccc6[nH]ncc56)c(Cl)c(c34)OC[C@@H]2C1,7.920818753952375
C=CC(=O)N1CCN(c2nc(OC[C@@H]3CCCN3CCOC)nc3cc(-c4nc(N)ccc4C(F)(F)F)c(Cl)cc23)CC1,7.920818753952375
C=CC(=O)N1CCN(c2nc(OC[C@@H]3C[C@@H](F)[C@H](C)N3C)nc3cc(-c4nc(N)ccc4C(F)(F)F)c(Cl)cc23)CC1,7.920818753952375
C=CC(=O)N1CCN(c2nc(OC[C@@H]3C[C@@H](OC(F)F)CN3C)nc3cc(-c4nc(N)ccc4C(F)(F)F)c(Cl)cc23)CC1,7.920818753952375
Fc1c(-c2cccc3cccc(CC(F)F)c23)ncc2c(N3CC4CCC(C3)N4)nc(OCC34CCCN3CCC4)nc12,7.8996294548824375
C=CC(=O)N1CCN(c2ncnc3c(F)c(-c4nc(N)cc(C)c4C(F)(F)F)c(Cl)cc23)[C@@H](C)C1,7.886056647693163
C=C1CN2CCC[C@@]2(COc2nc3c4c(c(Cl)c(-c5nc(N)cc(C)c5C(F)(F)F)cc4n2)OC[C@@H]2CN(C(=O)/C=C/c4nccc5c4CNCC5)CCN32)C1,7.886056647693163
C=CC(=O)N1CCN(c2nc(OC[C@@H]3C[C@@H](OC)CN3CCOC)nc3cc(-c4nc(N)ccc4C(F)(F)F)c(Cl)cc23)CC1,7.886056647693163
C=CC(=O)N1CCN(c2nc(OCCN3CC(CF)C3)nc3cc(-c4nc(N)ccc4C(F)(F)F)c(Cl)cc23)CC1,7.886056647693163
C=CC(=O)N1CCN(c2nc(OC[C@@H]3CCC4(CC4)N3C)nc3cc(-c4nc(N)ccc4C(F)(F)F)c(Cl)cc23)CC1,7.886056647693163
Cc1cc(N)nc(-c2cc3nc(OC[C@@H]4CCCN4C)nc(N4CCN(C(=O)/C=C/C(F)F)C[C@@H]4C)c3cc2Cl)c1C(F)(F)F,7.886056647693163
C=CC(=O)N1C[C@H](C)N(c2nc(=O)n(-c3c(C)ccnc3C(C)C)c3nc(-c4c(N)cccc4F)c(Cl)cc23)C[C@H]1C,7.886056647693163
Fc1cccc(-c2ncc3c(N4CC5CCC(C4)N5)nc(OCC45CCCN4CCC5)nc3c2F)c1C(F)(F)F,7.882728704344236
Cc1ccc(O)cc1-c1ncc2c(N3CC4CCC(C3)N4)nc(OCC34CCCN3CCC4)nc2c1F,7.879426069
C=CC(=O)N1C[C@H](C)N(c2ncnc3cc(-c4nc(N)cc(C)c4C(F)(F)F)c(Cl)cc23)[C@@H](C)C1,7.853871964321762
C=C(F)C(=O)N1CC(C)N(c2nc(OC[C@@H]3C[C@@H](F)CN3C)nc3cc(-c4nc(N)cc(C)c4C(F)(F)F)c(Cl)cc23)C[C@H]1CC#N,7.853871964321762
C#Cc1cccc2cc(O)cc(-c3ncc4c(N5C[C@H]6CC[C@@H](C5)N6)nc(OCC56CCCN5CCC6)nc4c3F)c12,7.853871964321762
C=CC(=O)N1[C@H](C)CN(c2nc(=O)n(-c3c(C)ccnc3C(C)C)c3nc(-c4c(N)cccc4F)c(Cl)cc23)C[C@@H]1C,7.853871964321762
C=CC(=O)N1C[C@H](C)N(c2nc(=O)n(-c3c(C)ccnc3C(C)C)c3nc(-c4cc(F)c(F)cc4N)c(Cl)cc23)C[C@H]1C,7.853871964321762
C=CC(=O)N1CCN(c2nc(=O)n(-c3c(C)ccnc3C(C)C)c3nc(-c4ccccc4F)c(Cl)cc23)[C@H]2C[C@H]21,7.853871964321762
C=CC(=O)N1CC2(CC(n3nc(-c4ccc5c(cnn5CCN5CC[C@H](F)C5)c4)c(-c4c(Cl)c(C)cc5[nH]ncc45)c3C)C2)C1,7.853871964321762
C=CC(=O)N1CCN(c2nc(OC[C@@H]3CCCN3C)nc3c2CCN(c2cccc4ccccc24)C3)CC1CC#N,7.853871964321762
C=CC(=O)N1CCN(c2ncnc3cc(-c4nc(N)cc(C)c4C(F)(F)F)c(Cl)cc23)CC1,7.823908740944319
Oc1cc(N2CCc3c(nc(OCC45CCCN4CCC5)nc3N3CC4CCC(C3)N4)C2)c2c(Cl)cccc2c1,7.823908740944319
C=CC(=O)N1CCN2Cc3cc(C#CC)c(-c4c(O)cccc4Cl)c(F)c3OC[C@H]2C1,7.823908740944319
CC(C)c1ccccc1-c1ncc2c(N3CC4CCC(C3)N4)nc(OCC34CCCN3C[C@H](F)C4)nc2c1F,7.809668301829708
C=CC(=O)N1C[C@H](C)N(c2nc(=O)n(-c3c(C)ccnc3C(C)C)c3nc(-c4ccccc4C(C)C)c(Cl)cc23)C[C@H]1C,7.795880017344075
C=CC(=O)N1CCN2Cc3cc(C#N)c(-c4c(O)cccc4Cl)c(F)c3OC[C@H]2C1,7.795880017344075
C=CC(=O)N1[C@H](C)CN(c2nc(=O)n(-c3c(C)ccnc3C(C)C)c3nc(-c4c(O)cccc4F)c(Cl)cc23)C[C@@H]1C,7.795880017344075
C=CC(=O)N1CCN2c3c(cnc4c(F)c(-c5c(O)cccc5F)c(Cl)cc34)OC[C@H]2C1,7.795880017344075
CNc1ncc2cc(-c3cc(NC(=O)NCCC(C)(C)C)c(F)cc3C)cnc2n1,7.795880017344075
OCc1cccc2cccc(-c3ncc4c(N5CC6CCC(C5)N6)nc(OCC56CCCN5CCC6)nc4c3F)c12,7.793174124
Cc1cccc(-c2ncc3c(N4CC5CCC(C4)N5)nc(OCC45CCCN4CCC5)nc3c2F)c1Cl,7.790484985457369
[2H]C([2H])(Oc1nc(N2C[C@H]3CC[C@@H](C2)N3)c2cnc(-c3cc(N)cc4ccc(F)c(C#C)c34)c(F)c2n1)C12CCCN1CC(=C(F)F)C2,7.7775436633207535
CN1CCC[C@H]1COc1nc(N2CC3CCC(C2)N3)c2cc(Cl)c(-c3ccc(F)c4sc(N)c(C#N)c34)c(F)c2n1,7.769551078621726
C=CC(=O)N1CCN(c2ncnc3c(F)c(-c4nccc5ccccc45)c(Cl)cc23)CC1,7.769551078621726
C[C@@H]1C[C@@H]1c1ccccc1-c1ncc2c(N3CC4CCC(C3)N4)nc(OCC34CCCN3CCC4)nc2c1F,7.764471553092451
C=CC(=O)N1CCN2c3c(cnc4c(F)c(-c5c(O)cccc5F)c(Cl)cc34)N(C)C(=O)[C@H]2C1,7.7447274948966935
C=CC(=O)N1CCN2c3nc(NCCN(C)C)nc4cc(-c5c(C)ccc6[nH]ncc56)c(Cl)c(c34)OC[C@@H]2C1,7.7447274948966935
CN1C[C@H](F)C[C@H]1COc1nc2c(c(N3CC4CCC(C3)N4)n1)CCN(c1cc(O)cc3cccc(Br)c13)C2,7.732828271596986
[2H]C([2H])(Oc1nc(NCC2(N(C)C)CCC2)c2cnc(-c3cc(O)cc4ccc(F)c(C#C)c34)c(F)c2n1)C12CCCN1CC(=C(F)F)C2,7.732593581247096
C=CC(=O)N1CCN(c2nc(C)nc3cc(-c4nc(N)cc(C)c4C(F)(F)F)c(Cl)cc23)CC1,7.721246399047171
C=CC(=O)N1C[C@H](C)N(c2nc(=O)n(-c3c(C)ccnc3C(C)C)c3nc(-c4c(F)cccc4C(N)=O)c(Cl)cc23)C[C@H]1C,7.721246399047171
C=CC(=O)N1C[C@H](C)N(c2nc(=O)n(-c3c(C)ccnc3C(C)C)c3nc(-c4ccccc4N)c(Cl)cc23)C[C@H]1C,7.721246399047171
C#Cc1cc2c(c(F)c1-c1c(O)cccc1Cl)OC[C@H]1CN(C(=O)C=C)CCN1C2,7.721246399047171
C=CC(=O)N1CCN(c2nc(O[C@H](C)CN(C)C)nc3cc(-c4nc(N)ccc4C(F)(F)F)c(Cl)cc23)CC1,7.713564199
C=CC(=O)N1CCN2c3nc(N4CC(N(C)C)C4)nc4cc(-c5c(C)ccc6[nH]ncc56)c(Cl)c(c34)OC[C@@H]2C1,7.699513552156626
C=CC(=O)N1CC2(CC(n3nc(-c4ccccc4)c(-c4c(Cl)c(C)cc5[nH]ncc45)c3C)C2)C1,7.698970004336019
C=CC(=O)N1C[C@H](C)N(c2nc(=O)n(-c3c(C)ccnc3C(C)C)c3nc(-c4cc(C)ccc4F)c(Cl)cc23)C[C@H]1C,7.698970004336019
C=CC(=O)N1CC2(CC(n3nc(-c4ccc5c(cnn5C)c4)c(-c4c(Cl)c(C)cc5[nH]ncc45)c3C)C2)C1,7.698970004336019
CC[C@H](C)[C@@H]1NC(=O)[C@H](Cc2ccc(-c3ccccc3)cc2)NC(=O)[C@H](Cc2ccccc2)NC(=O)[C@@H]2[C@@H](c3ccccc3)CCN2C(=O)[C@@H](NC(=O)[C@H](CCCNC(=N)N)NC(=O)[C@H](CCCNC(=N)N)NC(C)=O)CSSC[C@@H](C(=O)N[C@@H](CCCNC(=N)N)C(=O)N[C@@H](CCCNC(=N)N)C(N)=O)NC(=O)[C@H](C(C)C)NC(=O)[C@@H]2CCCN2C(=O)[C@H](CC(=O)O)NC(=O)[C@H](Cc2ccc(O)cc2)NC(=O)[C@H](CO)NC1=O,7.698970004336019
C=CC(=O)N1CC2(CC(n3nc(-c4ccc5[nH]ncc5c4)c(-c4c(Cl)c(C)cc5[nH]ncc45)c3C)C2)C1,7.698970004336019
Fc1c(-c2cccc3c2CC2CC32)ncc2c(N3CC4CCC(C3)N4)nc(OC[C@@]34CCCN3C[C@H](F)C4)nc12,7.696803942579511
[2H]C([2H])(Oc1nc(N2C[C@H]3CC[C@@H](C2)N3)c2cnc(-c3cccc4ccc(F)c(C#C)c34)c(F)c2n1)C12CCCN1CC(=C(F)F)C2,7.692503962086787
N#CC[C@@H]1C[C@@H]2CN(c3nc(OC[C@@]45CCCN4C[C@H](F)C5)nc4c(F)c(-c5cc(O)cc6ccccc56)ncc34)C[C@H]1N2,7.6777807052660805
C=CC(=O)N1C[C@H](C)N(c2nc(=O)n(-c3c(C)ccnc3C(C)C)c3nc(-c4ccccc4CC)c(Cl)cc23)C[C@H]1C,7.6777807052660805
CNCc1ccccc1-c1csc([C@@H](C)Nc2nc(C)nc3cc(OC)c(OC)cc23)c1,7.6777807052660805
C=CC(=O)N1CCN(c2nc(OC[C@@H]3CCCN3C)nc3c2CCN(c2cccc4cccc(OC)c24)C3)C[C@@H]1CC#N,7.657577319177793
C=CC(=O)N1CCN2Cc3cc(C4CC4)c(-c4c(O)cccc4Cl)c(F)c3OC[C@H]2C1,7.657577319177793
C=CC(=O)N1CCN(c2nc(=O)n(-c3c(C(C)C)ncnc3C(C)C)c3nc(-c4c(O)cccc4F)c(Cl)cc23)[C@@H](C)C1,7.6399203482970215
CCCCC[C@@H]1NC(=O)[C@@H]2C[C@H](OCC(=O)O)CN2C(=O)[C@H](CC(=O)O)NC(=O)[C@H](Cc2ccc(O)cc2)NC(=O)[C@H](CO)NC(=O)[C@H]([C@@H](C)CC)NC(=O)[C@H](Cc2ccc(-c3ccccc3)cc2)NC(=O)[C@H](CC(C)C)NC(=O)[C@@H]2CCCN2C(=O)[C@@H](NC(=O)[C@H](CCCNC(=N)N)NC(=O)[C@H](CCCNC(=N)N)NC(C)=O)CSSC[C@@H](C(=O)N[C@@H](CCCNC(=N)N)C(=O)N[C@@H](CCCNC(=N)N)C(N)=O)NC1=O,7.638272163982407
CC[C@H](C)C1NC(=O)[C@@H]2CCCN2C(=O)[C@H](Cc2ccc(O)cc2)NC(=O)[C@@H](NC(=O)[C@H](CC(=O)O)NC(=O)[C@H](Cc2ccc(O)cc2)NC(=O)[C@H](Cc2ccccc2)NC(=O)[C@H](Cc2c[nH]cn2)NC(=O)[C@@H](N)Cc2ccccc2)CC#CCSC[C@@H](C(=O)N[C@@H](CC(C)C)C(=O)N[C@H](C(=O)N2CCC[C@H]2C(=O)N2CCC[C@H]2C(N)=O)[C@@H](C)CC)NC1=O,7.638272163982407
C=CC(=O)N1C[C@H](C)N(c2nc(=O)n(-c3c(C)ccnc3C(C)C)c3nc(-c4cccc(Cl)c4F)c(Cl)cc23)C[C@H]1C,7.638272163982407
C=CC(=O)N1CCN(c2nc(OC[C@@H]3CCCN3C3COC3)nc3cc(-c4nc(N)ccc4C(F)(F)F)c(Cl)cc23)CC1,7.638272163982407
C=CC(=O)N1CCN(c2nc(OC[C@@H]3CCCN3CC(F)F)nc3cc(-c4nc(N)ccc4C(F)(F)F)c(Cl)cc23)CC1,7.638272163982407
C=CC(=O)N1CCN2c3ncnc4c(F)c(-c5c(O)cccc5F)c(Cl)c(c34)OC[C@@H]2C1,7.629424200574107
CC[C@H](C)[C@@H]1NC(=O)[C@H](Cc2ccc(-c3ccccc3)cc2)NC(=O)[C@H](CC(C)C)NC(=O)[C@@H]2CCCN2C(=O)[C@@H](NC(=O)[C@H](CCCNC(=N)N)NC(=O)[C@H](CCCNC(=N)N)NC(C)=O)CSSC[C@@H](C(=O)N[C@@H](CCCNC(=N)N)C(=O)N[C@@H](CCCNC(=N)N)C(N)=O)NC(=O)[C@H](CCC#N)NC(=O)[C@@H]2CCCN2C(=O)[C@H](CC(=O)O)NC(=O)[C@H](Cc2ccc(O)cc2)NC(=O)[C@H](CO)NC1=O,7.619788758288394
C#Cc1c(F)ccc2cc(O)cc(-c3ncc4c(N5CC6CCC(C)(C5)N6)cc(OC[C@@]56CCCN5C[C@H](F)C6)nc4c3F)c12,7.619788758288394
C#Cc1c(F)ccc2cccc(-c3ncc4c(N5C[C@H]6CC[C@@H](C5)N6)nc(OCC56CCCN5CCC6)nc4c3F)c12,7.619788758288394
Oc1cc(-c2ncc3c(N4C[C@H]5CC[C@@H](C4)N5)nc(OC[C@@]45CCCN4C[C@H](F)C5)nc3c2F)c2ccccc2c1,7.619788758288394
C=CC(=O)N1C[C@H](C)N(c2nc(=O)n(-c3c(C)ccnc3C(C)C)c3nc(-c4ccccc4C)c(Cl)cc23)C[C@H]1C,7.6020599913279625
COc1cccc2cccc(-c3ncc4c(N5CC6CCC(C5)N6)nc(OCC56CCCN5CCC6)nc4c3F)c12,7.6020599913279625
C=CC(=O)N1C[C@H](C)N(c2nc(=O)n(-c3c(C)ccnc3C(C)C)c3nc(-c4c(F)cccc4S(C)(=O)=O)c(Cl)cc23)C[C@H]1C,7.6020599913279625
CC[C@H](C)[C@@H]1NC(=O)[C@H](Cc2ccc(-c3ccccc3)cc2)NC(=O)[C@H](CC(C)C)NC(=O)[C@@H]2CCCN2C(=O)[C@@H](NC(=O)[C@H](CCCNC(=N)N)NC(=O)[C@H](CCCNC(=N)N)NC(C)=O)CSSC[C@@H](C(=O)N[C@@H](CCCNC(=N)N)C(=O)N[C@@H](CCCNC(=N)N)C(N)=O)NC(=O)[C@H](CC2CCCCC2)NC(=O)[C@@H]2C[C@H](OCC(=O)O)CN2C(=O)[C@H](CC(=O)O)NC(=O)[C@H](Cc2ccc(O)cc2)NC(=O)[C@H](CO)NC1=O,7.6020599913279625
C=CC(=O)N1CCN(c2nc(OCC3(N(C)C)CC3)nc3cc(-c4nc(N)ccc4C(F)(F)F)c(Cl)cc23)CC1,7.6020599913279625
C=CC(=O)N1CCN(c2ncnc3cc(-c4nc(N)cc(CC)c4C(F)(F)F)c(Cl)cc23)CC1,7.6020599913279625
CN1CCC[C@H]1COc1nc2c(c(N3CCN(C(=O)C(C#N)=CC4CC4)[C@@H](CC#N)C3)n1)CCN(c1cccc3cccc(Cl)c13)C2,7.594482893023624
Fc1c(-c2cccc3cccc(C4CC4)c23)ncc2c(N3CC4CCC(C3)N4)nc(OCC34CCCN3CCC4)nc12,7.588380294
C=CC(=O)N1C[C@H](C)N(c2nc(=O)n(-c3c(C(C)C)nc(NC)nc3C(C)C)c3nc(-c4ccccc4F)c(Cl)cc23)C[C@H]1C,7.585026652029182
C=CC(=O)N1CCN(c2nc(OCC3(C)CC(F)(F)CN3C)nc3cc(-c4nc(N)ccc4C(F)(F)F)c(Cl)cc23)CC1,7.585026652029182
C=CC(=O)N1CCN(c2nc(=O)n(-c3c(C)cccc3C(C)C)c3nc(-c4c(O)cccc4F)c(Cl)cc23)[C@@H](C)C1,7.5774509799928715
C=CC(=O)N1C[C@H](C)N(c2nc(=O)n(-c3c(C)ccnc3C(C)C)c3nc(-c4c(O)cccc4F)c(Cl)cc23)C[C@H]1C,7.568636235841013
C=CC(=O)N1CCN(c2nc(=O)n(-c3c(C)ccnc3C(C)C)c3nc(-c4c(O)cccc4F)c(F)cc23)[C@@H](C)C1,7.566856330457902
CC[C@H](C)[C@@H]1NC(=O)[C@H](Cc2ccc(O)cc2)NC(=O)[C@H](CC(C)C)NC(=O)[C@@H]2CCCN2C(=O)[C@@H](NC(=O)[C@H](CCCNC(=N)N)NC(=O)[C@H](CCCNC(=N)N)NC(=O)[C@H](CCCNC(=N)N)NC(=O)[C@H](CCCNC(=N)N)NC(C)=O)CSSC[C@@H](C(=O)N[C@@H](CCCNC(=N)N)C(=O)N[C@@H](CCCNC(=N)N)C(=O)N[C@@H](CCCNC(=N)N)C(=O)N[C@@H](CCCNC(=N)N)C(N)=O)NC(=O)[C@H](C(C)C)NC(=O)[C@@H]2CCCN2C(=O)[C@H](CC(=O)O)NC(=O)[C@H](Cc2ccc(O)cc2)NC(=O)[C@H](CO)NC1=O,7.560739102249396
C=CC(=O)N1CCN(c2nc(=O)n(-c3ccccc3C(C)C)c3cc(-c4c(O)cccc4F)c(Cl)cc23)[C@@H](C)C1,7.552841968657781
C=CC(=O)N1C[C@H](C)N(c2nc(=O)n(-c3c(C(C)C)ccnc3C(C)C)c3nc(-c4ccccc4F)c(Cl)cc23)C[C@H]1C,7.552841968657781
C=CC(=O)N1C[C@H](C)N(c2nc(=O)n(-c3c(C)ccnc3C(C)C)c3nc(-c4cccc(F)c4C)c(Cl)cc23)C[C@H]1C,7.552841968657781
Cc1cc(N)nc(-c2c(Cl)cc3c(N4CCN(C(=O)/C=C/CCl)C[C@@H]4C)nc(OC[C@@H]4CCCN4C)nc3c2F)c1C(F)(F)F,7.552841968657781
CC[C@H](C)[C@@H]1NC(=O)[C@H](Cc2ccc(O)cc2)NC(=O)[C@H](CC(C)C)NC(=O)[C@@H]2CCCN2C(=O)[C@@H](NC(=O)[C@H](CCCNC(=N)N)NC(=O)[C@H](CCCNC(=N)N)NC(=O)[C@H](CCCNC(=N)N)NC(=O)[C@H](CCCNC(=N)N)NC(C)=O)CSSC[C@@H](C(=O)N[C@@H](CCCNC(=N)N)C(=O)N[C@@H](CCCNC(=N)N)C(=O)N[C@@H](CCCNC(=N)N)C(=O)N[C@@H](CCCNC(=N)N)C(N)=O)NC(=O)[C@H](C(C)C)NC(=O)[C@@H]2CCCN2C(=O)[C@H](CC(=O)O)NC(=O)[C@H](Cc2ccc(O)cc2)NC(=O)[C@H](C)NC1=O,7.550637409205253
Cc1cc2[nH]ccc2c(-c2ncc3c(N4CC5CCC(C4)N5)nc(OCC45CCCN4CCC5)nc3c2F)c1C,7.549750891680639
C=CC(=O)N1C[C@H](C)N(c2nc(=O)n(-c3c(C(C)C)ccnc3C(C)C)c3nc(-c4c(O)cccc4F)c(Cl)cc23)C[C@H]1C,7.538896861280492
C=CC(=O)N1CCN2Cc3cc(Cl)c(-c4c(O)cccc4Cl)c(F)c3OC[C@H]2C1,7.5376020021010435
Fc1cccc(-c2ncc3c(N4CC5CCC(C4)N5)nc(OCC45CCCN4CCC5)nc3c2F)c1C1CC1,7.534617148551582
C=CC(=O)N1C[C@H](C)N(c2nc(=O)n(-c3c(C)nc(F)nc3C(C)C)c3nc(-c4ccccc4F)c(Cl)cc23)C[C@H]1C,7.522878745280337
C=CC(=O)N1CC2(CC(n3nc(-c4ccc5c(cnn5CCN(C)C)c4)c(-c4c(Cl)c(C)cc5[nH]ncc45)c3C)C2)C1,7.522878745280337
C=CC(=O)N1CCN(c2nc(=O)n(-c3c(C)ccnc3C(C)C)c3nc(-c4c(N)c(F)c(F)c(F)c4F)c(F)cc23)[C@@H](C)C1,7.512861624522813
C=CC(=O)N1C[C@H](C)N(c2nc(=O)n(-c3c(C)cc(C=C)nc3C(C)C)c3nc(-c4ccccc4F)c(Cl)cc23)C[C@H]1C,7.508638306165727
C=CC(=O)N1C[C@H](C)N(c2nc(=O)n(-c3c(C)ccnc3C(C)C)c3nc(-c4cc(C)sc4C)c(Cl)cc23)C[C@H]1C,7.508638306165727
Cc1nccn1CCOc1nc(N2CC3CCC(C2)N3)c2cnc(-c3cc(O)cc4ccccc34)c(F)c2n1,7.498940737782249
C=CC(=O)N1CCN(c2ncnc3c(F)c(-c4nc(N)cc5cccc(F)c45)c(Cl)cc23)CC1,7.494850021680094
C=CC(=O)N1C[C@H](C)N(c2nc(=O)n(-c3c(N(C)C)ccnc3C(C)C)c3nc(-c4c(N)cccc4F)c(Cl)cc23)C[C@H]1C,7.494850021680094
C=CC(=O)N1CCN(c2ncnc3cc(-c4nc(N)cc5cccc(F)c45)c(OC)cc23)CC1,7.494850021680094
C=CC(=O)N1C[C@H](C)N(c2nc(=O)n(-c3c(C)ccnc3C(C)C)c3nc(-c4cc(C#CC)ccc4F)c(Cl)cc23)C[C@H]1C,7.494850021680094
C=CC(=O)N1CCN2c3ncnc4cc(-c5c(O)cccc5Cl)c(Cl)c(c34)OC[C@@H]2C1,7.494850021680094
C=C(F)C(=O)N1CCN(c2ncnc3cc(-c4nc(N)cc(C)c4C(F)(F)F)c(Cl)cc23)CC1,7.494850021680094
C=C(F)C(=O)N1CCN(c2ncnc3cc(-c4nc(N)ccc4C(F)(F)F)c(Cl)cc23)C[C@@H]1C#N,7.494850021680094
CC(C)n1ccnc1CCOc1nc(N2CC3CCC(C2)N3)c2cnc(-c3cc(O)cc4ccccc34)c(F)c2n1,7.485452247339714
C=CC(=O)N1CCN(c2nc(NC)nc3cc(-c4nc(N)cc(C)c4C(F)(F)F)c(Cl)cc23)CC1,7.481486060122112
CC[C@H](C)[C@@H]1NC(=O)[C@H](Cc2ccc(-c3ccccc3)cc2)NC(=O)[C@H](CC(C)C)NC(=O)[C@@H]2CCCN2C(=O)[C@@H](NC(=O)[C@H](CCCNC(=N)N)NC(=O)[C@H](CCCNC(=N)N)NC(C)=O)CSSC[C@@H](C(=O)N[C@@H](CCCNC(=N)N)C(=O)N[C@@H](CCCNC(=N)N)C(N)=O)NC(=O)[C@H](Cc2ccc(Cl)cc2)NC(=O)[C@@H]2C[C@H](OCC(=O)O)CN2C(=O)[C@H](CC(=O)O)NC(=O)[C@H](Cc2ccc(O)cc2)NC(=O)[C@H](CO)NC1=O,7.481486060122112
C=CC(=O)N1C[C@H](C)N(c2nc(=O)n(-c3c(C)ccnc3C(C)C)c3nc(-c4ccccc4Cl)c(Cl)cc23)C[C@H]1C,7.481486060122112
N#CC[C@@H]1C[C@@H]2CN(c3nc(OCC45CCCN4CCC5)nc4c(F)c(-c5cc(O)cc6ccccc56)ncc34)C[C@H]1N2,7.480172006224281
C=CC(=O)N1CCN(c2nc(OC[C@@H]3CCCN3C)nc3c(F)c(-c4nc(N)cc5ccccc45)c(Cl)cc23)[C@@H](C)C1,7.475390988664909
C=CC(=O)N1C[C@H](C)N(c2nc(=O)n(-c3c(C(C)C)ccnc3C(C)C)c3nc(-c4ccccc4C(F)(F)F)c(Cl)cc23)C[C@H]1C,7.475390988664909
CN1CCC[C@H]1COc1nc(N2CC3CCC(C2)N3)c2cnc(-c3cccc4ccc(F)c(Cl)c34)c(F)c2n1,7.4723700991286615
C=CC(=O)N1[C@H](C)CN(c2nc(=O)n(-c3c(C(C)C)ncnc3C(C)C)c3nc(-c4c(O)cccc4F)c(Cl)cc23)C[C@@H]1C,7.468521082957745
C=CC(=O)N1C[C@H](C)N(c2nc(=O)n(-c3c(C)ccnc3C(C)C)c3nc(-c4cccc(F)c4F)c(Cl)cc23)C[C@H]1C,7.468521082957745
C=CC(=O)N1CCN(c2nc(=O)n(-c3c(C)ccnc3C(C)C)c3nc(-c4c(F)c(F)c(F)c(N)c4Cl)c(F)cc23)[C@@H](C)C1,7.467086946996643
Cc1ccc(O)cc1-c1ncc2c(N3CC4CCC(C3)N4)nc(OCC34CCCN3C[C@H](F)C4)nc2c1F,7.457174573
C=CC(=O)N1CCN(c2nc(=O)n(-c3c(C4CC4)ncnc3C3CC3)c3nc(-c4c(O)cccc4F)c(Cl)cc23)[C@@H](C)C1,7.4561092910952285
CC[C@H](C)[C@@H]1NC(=O)[C@H](Cc2ccc(O)cc2)NC(=O)[C@H](CC(C)C)NC(=O)[C@@H]2CCCN2C(=O)[C@@H](NC(=O)[C@H](CCCNC(=N)N)NC(=O)[C@H](CCCNC(=N)N)NC(=O)[C@H](CCCNC(=N)N)NC(=O)[C@@H](CCCNC(=N)N)NC(C)=O)CSSC[C@@H](C(=O)N[C@@H](CCCNC(=N)N)C(=O)N[C@@H](CCCNC(=N)N)C(=O)N[C@@H](CCCNC(=N)N)C(=O)N[C@H](CCCNC(=N)N)C(N)=O)NC(=O)[C@H](C(C)C)NC(=O)[C@@H]2CCCN2C(=O)[C@H](CC(=O)O)NC(=O)[C@H](Cc2ccc(O)cc2)NC(=O)[C@H](CO)NC1=O,7.455931955649724
C=CC(=O)N1CCN(c2ncnc3cc(-c4nc(N)ccc4C(F)(F)F)c(Cl)cc23)[C@@H](C)C1,7.455931955649724
Cc1cccc(-c2ncc3c(N4CC5CCC(C4)N5)nc(OCC45CCCN4CCC5)nc3c2F)c1C(C)C,7.454692883534176
Fc1c(-c2cccc(Cl)c2Cl)ncc2c(N3CC4CCC(C3)N4)nc(OCC34CCCN3CCC4)nc12,7.453457336521869
Cc1c(Cl)cccc1-c1ncc2c(N3CC4CCC(C3)N4)nc(OCC34CCCN3CCC4)nc2c1F,7.444905551421681
C=CC(=O)N1[C@H](C)CN(c2nc(=O)n(-c3c(C)ccnc3C(C)C)c3nc(-c4c(F)c(F)c(F)c(N)c4Cl)c(F)cc23)C[C@@H]1C,7.435333936
C=CC(=O)N1C[C@H](C)N(c2nc(=O)n(-c3c(C(C)C)ccnc3C(C)C)c3nc(-c4ccccc4C)c(Cl)cc23)C[C@H]1C,7.429118384862106
C=CC(=O)N1C[C@H](C)N(c2nc(=O)n(-c3c(C(C)C)ccnc3C(C)C)c3nc(-c4ccccc4Cl)c(Cl)cc23)C[C@H]1C,7.4260073396580975
C=CC(=O)N1CCN(c2nc(=O)n(-c3c(C)ncnc3C(C)C)c3nc(-c4c(O)cccc4F)c(Cl)cc23)[C@@H](C)C1,7.420216403
C=CC(=O)N1C[C@H](C)N(c2nc(=O)n(-c3c(C)ccnc3C(C)C)c3nc(-c4c(N)cccc4F)c(F)cc23)C[C@H]1C,7.420216403
C=CC(=O)N1C[C@H](C)N(c2nc(=O)n(-c3c(C(C)C)nc(NCc4ccc(OC)cc4)nc3C(C)C)c3nc(-c4ccccc4F)c(Cl)cc23)C[C@H]1C,7.420216403
C=CC(=O)N1C[C@H](C)N(c2nc(=O)n(-c3c(C)ccnc3C(C)C)c3nc(-c4ccccc4C(F)(F)F)c(Cl)cc23)C[C@H]1C,7.420216403
C=CC(=O)N1CC2(CC(n3nc(-c4ccc5c(c4)OC(CO)C5)c(-c4c(Cl)c(C)cc5[nH]ncc45)c3C)C2)C1,7.420216403
C=CC(=O)N1CCN(c2nc(=O)n(-c3c(C(C)C)ccnc3C(C)C)c3nc(-c4ccccc4C)c(Cl)cc23)[C@@H](C)C1,7.416046095
C=CC(=O)N1C[C@H](C)N(c2nc(=O)n(-c3c(C)ccnc3C(C)C)c3nc(-c4cccc(F)c4C(F)(F)F)c(Cl)cc23)C[C@H]1C,7.4089353929735005
C=CC(=O)N1C[C@H](C)N(c2nc(=O)n(-c3c(C)ccnc3C(C)C)c3nc(-c4cccc(F)c4Cl)c(Cl)cc23)C[C@H]1C,7.4089353929735005
Nc1nc2c(-c3c(Cl)cc4c(N5CC6CCC(C5)N6)nc(OC[C@@]56CCCN5C[C@H](F)C6)nc4c3F)ccc(F)c2s1,7.402304814074488
CC[C@H](C)[C@@H]1NC(=O)[C@H](Cc2ccc(O)cc2)NC(=O)[C@H](CC(C)C)NC(=O)[C@@H]2CCCN2C(=O)[C@@H](NC(=O)[C@H](CCCNC(=N)N)NC(=O)[C@H](CCCNC(=N)N)NC(=O)[C@H](CCCNC(=N)N)NC(=O)[C@H](CCCNC(=N)N)NC(C)=O)CSSC[C@@H](C(=O)N[C@@H](CCCNC(=N)N)C(=O)N[C@@H](CCCNC(=N)N)C(=O)N[C@@H](CCCNC(=N)N)C(=O)N[C@@H](CCCNC(=N)N)C(N)=O)NC(=O)[C@H](C)NC(=O)[C@@H]2CCCN2C(=O)[C@H](CC(=O)O)NC(=O)[C@H](Cc2ccc(O)cc2)NC(=O)[C@H](CO)NC1=O,7.401332148434969
C=CC(=O)N1C[C@H](C)N(c2nc(=O)n(-c3c(C)ccnc3C(C)C)c3nc(-c4cc(Cl)ccc4F)c(Cl)cc23)C[C@H]1C,7.3979400086720375
C=CC(=O)N1C[C@H](C)N(c2nc(=O)n(-c3c(C)ccnc3C(C)C)c3nc(-c4ccccc4NC)c(Cl)cc23)C[C@H]1C,7.3979400086720375
C=CC(=O)N1C[C@H](C)N(c2nc(=O)n(-c3c(C)ccnc3C(C)C)c3nc(-c4ccccc4F)c(Cl)cc23)C[C@H]1C,7.3979400086720375
NC(=O)N1CCC(CC(=O)N2CCC([C@H]3c4ncc(Br)cc4CCc4cc(Cl)cc(Br)c43)CC2)CC1,7.3979400086720375
Oc1cc(-c2ncc3c(N4CC5CCC(C4)N5)cc(OC[C@@]45CCCN4C[C@H](F)C5)nc3c2F)c2c(F)cccc2c1,7.3979400086720375
C#Cc1ccc(F)c(-c2nc3c(cc2Cl)c(N2C[C@@H](C)N(C(=O)C=C)C[C@@H]2C)nc(=O)n3-c2c(C)ccnc2C(C)C)c1,7.3979400086720375
C=CC(=O)N1C[C@H](C)N(c2nc(=O)n(-c3c(C)ccnc3C(C)C)c3nc(-c4c(F)cccc4NC(=O)C(F)F)c(Cl)cc23)C[C@H]1C,7.3872161432802645
C=CC(=O)N1[C@H](C)CN(c2nc(=O)n(-c3c(C(C)C)ncnc3C(C)C)c3nc(-c4ccccc4F)c(Cl)cc23)C[C@@H]1C,7.376750709602099
C=CC(=O)N1C[C@H](C)N(c2nc(=O)n(-c3c(C)ccnc3C(C)C)c3nc(-c4cccc(F)c4N)c(Cl)cc23)C[C@H]1C,7.376750709602099
C=CC(=O)N1C[C@H](C)N(c2nc(=O)n(-c3c(C)ccnc3C(C)C)c3nc(-c4cc(F)c(F)c(F)c4N)c(Cl)cc23)C[C@H]1C,7.376750709602099
Oc1cc(-c2ncc3c(N4CC5CCC(C4)N5)nc(OCCN4C[C@@H]5CC4CO5)nc3c2F)c2ccccc2c1,7.375717904164332
C=CC(=O)N1CCN(c2nc(=O)n(-c3c(CN(C)C)cccc3C(C)C)c3nc(-c4ccccc4F)c(Cl)cc23)[C@@H](C)C1,7.366531544420414
CC[C@H](C)[C@@H]1NC(=O)[C@H](Cc2ccc(-c3ccccc3)cc2)NC(=O)[C@H](CC(C)C)NC(=O)[C@@H]2CCCN2C(=O)[C@@H](NC(=O)[C@H](CCCNC(=N)N)NC(=O)[C@H](CCCNC(=N)N)NC(C)=O)CSSC[C@@H](C(=O)N[C@@H](CCCNC(=N)N)C(=O)N[C@@H](CCCNC(=N)N)C(N)=O)NC(=O)[C@H](CCCC(=O)O)NC(=O)[C@@H]2[C@@H](C)CCN2C(=O)[C@H](CC(=O)O)NC(=O)[C@H](Cc2ccc(O)cc2)NC(=O)[C@H](CO)NC1=O,7.366531544420414
C=CC(=O)N1CCN2Cc3cc(F)c(-c4c(O)cccc4Cl)c(F)c3OC[C@H]2C1.O,7.366531544420414
C=CC(=O)N1C[C@H](C)N(c2nc(=O)n(-c3c(C)ccnc3C(C)C)c3nc(-c4ccccc4C(F)F)c(Cl)cc23)C[C@H]1C,7.366531544420414
Fc1cccc(-c2ncc3c(N4CC5CCC(C4)N5)nc(OCC45CCCN4CCC5)nc3c2F)c1OC(F)F,7.360513510731414
C=CC(=O)N1C[C@H](C)N(c2nc(=O)n(-c3c(C)ccnc3C(C)C)c3nc(-c4ccccc4N(C)C)c(Cl)cc23)C[C@H]1C,7.356547323513812
C=CC(=O)N1C[C@H](C)N(c2nc(=O)n(-c3c(C)ccnc3C(C)C)c3nc(-c4ccccc4C4CC4)c(Cl)cc23)C[C@H]1C,7.356547323513812
C=CC(=O)N1CCN(c2nc(OC[C@@H]3C[C@@H](F)CN3C)nc3c(F)c(-c4nc(N)cc(C)c4C(F)(F)F)c(F)cc23)[C@@H](C)C1,7.349485002168009
C=CC(=O)N1C[C@H](C)N(c2nc(=O)n(-c3c(C)ccnc3C(C)C)c3nc(-c4cccc5cc[nH]c45)c(Cl)cc23)C[C@H]1C,7.3426451535224135
C=CC(=O)N1CCN(c2nc(OC[C@@H]3C[C@@H](F)CN3C)nc3c(F)c(-c4nc(N)cc(C)c4C)c(Cl)cc23)[C@@H](C)C1,7.338890353
C=CC(=O)N1C[C@H](C)N(c2nc(=O)n(-c3c(C(C)C)nc(C=C)nc3C(C)C)c3nc(-c4ccccc4F)c(Cl)cc23)C[C@H]1C,7.337242168318426
CNc1cc2nc(C)c(-c3ccc(F)c(NC(=O)NCCC(C)(C)C)c3)cc2cn1,7.337242168318426
CCc1c(F)ccc2cc(O)cc(-c3ncc4c(N5CC6CCC(C5)N6)cc(OC[C@@]56CCCN5C[C@H](F)C6)nc4c3F)c12,7.337242168318426
C=CC(=O)N1CCN(c2nc(=O)n(-c3ccccc3C(C)C)c3cc(-c4ccccc4F)c(Cl)cc23)[C@@H](C)C1,7.327902142064283
C=CC(=O)N1CCN(c2nc(=O)n(-c3ccccc3C(C)C)c3nc(-c4c(O)cccc4F)c(Cl)cc23)[C@@H](C)C1,7.324488573707938
C=CC(=O)N1C[C@H](C)N(c2nc(=O)n(-c3c(C)nc(N(C)C)nc3C(C)C)c3nc(-c4ccccc4F)c(Cl)cc23)C[C@H]1C,7.318758762624412
C=CC(=O)N1C[C@H](C)N(c2nc(=O)n(-c3c(C(C)C)cnc(C)c3C)c3nc(-c4ccccc4F)c(Cl)cc23)C[C@@H]1C,7.318758762624412
C=CC(=O)N1C[C@H](C)N(c2nc(=O)n(-c3c(C)ccnc3C(C)C)c3nc(-c4cc(Br)ccc4F)c(Cl)cc23)C[C@H]1C,7.318758762624412
CNc1ncc2cc(-c3ccc(F)c(NC(=O)NCCC(C)(C)C)c3)c(C)nc2n1,7.318758762624412
C=CC(=O)N1[C@H](C)CN(c2nc(=O)n(-c3c(C)ccnc3C(C)C)c3nc(-c4c(N)c(F)c(F)c(F)c4F)c(F)cc23)C[C@@H]1C,7.311580177997289
CC1CCCc2cccc(-c3ncc4c(N5CC6CCC(C5)N6)nc(OC[C@@H]5CCCN5C)nc4c3F)c21,7.311580177997289
C=C1CN2CCC[C@@]2(COc2nc3c4c(c(Cl)c(-c5nc(N)cc(C)c5C(F)(F)F)cc4n2)OC[C@@H]2CN(C(=O)/C=C/c4nccc5c4CN(C)CC5)CCN32)C1,7.309803919971486
C=CC(=O)N1C[C@H](C)N(c2nc(=O)n(-c3c(C(C)C)ncnc3C(C)C)c3nc(-c4ccccc4F)c(Cl)cc23)C[C@H]1C,7.309803919971486
CCc1cc(C)c(-n2c(=O)nc(N3C[C@@H](C)N(C(C)=O)C[C@@H]3C)c3cc(Cl)c(-c4ccccc4F)nc32)c(C(C)C)n1,7.309803919971486
C=CC(=O)N1CCN(c2nc(=O)n(-c3c(CC)cccc3CC)c3nc(-c4c(O)cccc4F)c(Cl)cc23)[C@@H](C)C1,7.305594293263238
CNCc1ccccc1-c1csc(C(C)Nc2nc(C)nc3cc(OC)c(OC)cc23)c1,7.301029995663981
C=CC(=O)N1CC2(CC(n3nc(-c4ccc5cn[nH]c5c4)c(-c4c(Cl)c(C)cc5[nH]ncc45)c3C)C2)C1,7.301029995663981
Oc1cc(-c2ncc3c(N4CC5CCC(C4)N5)nc(OCCCN4CCOCC4)nc3c2F)c2ccccc2c1,7.298432014944073
CC(C)N1CCC[C@H]1COc1nc(N2CC3N[C@H](C[C@H]3O)C2)c2cnc(-c3cccc4cccc(Cl)c34)c(F)c2n1,7.294136287716081
COc1nc(N2CC3CCC(C2)N3)c2cnc(-c3cc(O)cc4cccc(Cl)c34)c(F)c2n1,7.294136287716081
C=CC(=O)N1C[C@H](C)N(c2nc(=O)n(-c3c(C)ccnc3C(C)C)c3nc(-c4ccccc4C(N)=O)c(Cl)cc23)C[C@H]1C,7.292429823902063
C=CC(=O)N1C[C@H](C)N(c2nc(=O)n(-c3c(C(C)C)nc(NCCN(C)C)nc3C(C)C)c3nc(-c4ccccc4F)c(Cl)cc23)C[C@H]1C,7.292429823902063
C=CC(=O)N1C[C@H](C)N(c2nc(=O)n(-c3c(C(C)C)nc(C)nc3C(C)C)c3nc(-c4ccccc4F)c(Cl)cc23)C[C@H]1C,7.2839966563652006
C=CC(=O)N1C[C@@H]2COc3cnc4cc(-c5c(O)cccc5F)c(Cl)cc4c3N2C[C@H]1C,7.2839966563652006
C=CC(=O)N1C[C@H](C)N(c2nc(=O)n(-c3c(CC)ccnc3C(C)C)c3nc(-c4ccccc4F)c(Cl)cc23)C[C@H]1C,7.2839966563652006
C=CC(=O)N1C[C@H](C)N(c2nc(=O)n(-c3c(C)ccnc3C(C)C)c3nc(C4CCCCC4)c(Cl)cc23)C[C@H]1C,7.275724130399211
C=CC(=O)N1[C@H](C)CN(c2nc(=O)n(-c3c(C)ccnc3C(C)C)c3nc(-c4ccccc4F)c(Cl)cc23)C[C@@H]1C,7.275724130399211
C=CC(=O)N1C[C@H](C)N(c2nc(=O)n(-c3c(C)ccnc3C(C)C)c3nc(-c4c(F)cccc4NC(=O)CC)c(Cl)cc23)C[C@H]1C,7.275724130399211
C=CC(=O)N1CCN(c2ncnc3cc(-c4nc(N)cc5ccc(F)cc45)c(Cl)cc23)CC1,7.275724130399211
Cc1cccc(-c2ncc3c(N4CC5CCC(C4)N5)nc(OCC45CCCN4CCC5)nc3c2F)c1C,7.269217724333611
C=CC(=O)N1C[C@H](C)N(c2nc(=O)n(-c3c(C(C)C)ncnc3C(C)C)c3nc(-c4c(N)cccc4F)c(Cl)cc23)C[C@H]1C,7.267606240177032
C=CC(=O)N1C[C@H](C)N(c2nc(=O)n(-c3c(C)ccnc3C(C)C)c3nc(-c4ccccc4C(C)O)c(Cl)cc23)C[C@H]1C,7.267606240177032
CC[C@H](C)[C@@H]1NC(=O)[C@H](Cc2ccc(O)cc2)NC(=O)[C@H](CC(C)C)NC(=O)[C@@H]2CCCN2C(=O)[C@@H](NC(=O)[C@H](CCCNC(=N)N)NC(=O)[C@H](CCCNC(=N)N)NC(C)=O)CSSC[C@@H](C(=O)N[C@@H](CCCNC(=N)N)C(=O)N[C@@H](CCCNC(=N)N)C(N)=O)NC(=O)[C@H](C(C)C)NC(=O)[C@@H]2CCCN2C(=O)[C@H](CC(=O)O)NC(=O)[C@H](Cc2ccc(O)cc2)NC(=O)[C@H](CO)NC1=O,7.267606240177032
C=CC(=O)N1C[C@H](C)N(c2nc(=O)n(-c3c(C)ccnc3C(C)C)c3nc(-c4c(F)cccc4NC(C)=O)c(Cl)cc23)C[C@H]1C,7.267606240177032
C=CC(=O)N1C[C@H](C)N(c2nc(=O)n(-c3c(C)ccnc3C(C)C)c3nc(-c4cc(O)ccc4F)c(Cl)cc23)C[C@H]1C,7.267606240177032
CN1C[C@H](F)C[C@H]1COc1nc(N2CC3CCC(C2)N3)c2cnc(-c3cc(O)cc4ccccc34)c(F)c2n1,7.266802734893431
C=CC(=O)N1C[C@H](C)N(c2nc(=O)n(-c3c(C)ccnc3C(C)C)c3nc(-c4sccc4C)c(Cl)cc23)C[C@H]1C,7.259637310505756
C=CC(=O)N1C[C@H](C)N(c2nc(=N)n(-c3ccccc3C(C)C)c3nc(-c4ccccc4F)c(Cl)cc23)C[C@H]1C,7.259637310505756
C=CC(=O)N1CCN(c2nc(=O)n(-c3ccccc3C(C)C)c3nc(-c4ccccc4Cl)c(Cl)cc23)[C@@H](C)C1,7.251811972993799
C=CC(=O)N1C[C@H](C)N(c2nc(=O)n(-c3c(C)nc(C)nc3C(C)C)c3nc(-c4ccccc4F)c(Cl)cc23)C[C@H]1C,7.251811972993799
C=CC(=O)N1C[C@H](C)N(c2nc(=O)n(-c3c(C)ccnc3C(C)C)c3nc(-c4c(F)cccc4NC(=O)OC)c(Cl)cc23)C[C@H]1C,7.251811972993799
C=CC(=O)N1CCN(c2nc(=O)n(-c3c(C)cccc3CC)c3nc(-c4c(O)cccc4F)c(Cl)cc23)[C@@H](C)C1,7.249128135186003
CNc1cc2c(cn1)cc(-c1ccc(F)c(NC(=O)Nc3cc(C(C)(C)C)no3)c1)c(=O)n2[C@H]1CCOC1,7.2441251443275085
C=CC(=O)N1C[C@H](C)N(c2nc(=O)n(-c3c(C(C)C)cncc3C(C)C)c3nc(-c4ccccc4F)c(Cl)cc23)C[C@H]1C,7.2441251443275085
C#Cc1ccccc1-c1nc2c(cc1Cl)c(N1C[C@@H](C)N(C(=O)C=C)C[C@@H]1C)nc(=O)n2-c1c(C)ccnc1C(C)C,7.2441251443275085
Cc1cc(N)nc(-c2c(Cl)cc3c(N4CC5CCC(C4)N5)nc(OC[C@@H]4CCCN4C)nc3c2F)c1C(F)(F)F,7.241171166111234
Cn1cncc1CCOc1nc(N2CC3CCC(C2)N3)c2cnc(-c3cc(O)cc4ccccc34)c(F)c2n1,7.2403321553103694
C=CC(=O)N1CCN(c2nc(=O)n(-c3c(C)cc(N)nc3C(C)C)c3nc(-c4ccccc4F)c(Cl)cc23)[C@@H](C)C1,7.236572006437063
C=CC(=O)N1C[C@H](C)N(c2nc(=O)n(-c3c(C)ccnc3C(C)C)c3nc(C4=CCCCCC4)c(Cl)cc23)C[C@H]1C,7.229147988357855
C=CC(=O)N1CCN(c2nc(NCCN(C)C)nc3cc(-c4nc(N)ccc4C(F)(F)F)c(Cl)cc23)CC1,7.229147988357855
C=CC(=O)N1CC(NC(=O)Cn2c(CC)c(C(=O)N3CCc4c(cccc4OC)C3)c3cc(Cl)cc(C)c32)C1,7.221848749616356
C=CC(=O)N1C[C@H](C)N(c2nc(=O)n(-c3c(C)ccnc3C(C)C)c3nc(-c4ccccc4NC(=O)C4CC4)c(Cl)cc23)C[C@H]1C,7.221848749616356
C=CC(=O)N1C[C@H](C)N(c2nc(=O)n(-c3c(C(C)C)ncnc3N(Cc3ccc(OC)cc3)Cc3ccc(OC)cc3)c3nc(Cl)c(Cl)cc23)C[C@H]1C,7.218615728
CN1CCC[C@H]1COc1nc(N2CC3CCC(C2)N3)c2cnc(-c3cccc4cccc(Cl)c34)c(F)c2n1,7.218244625347531
C=CC(=O)N1CCN(c2ncnc3cc(-c4nc(N)ccc4C(F)(F)F)c(Cl)cc23)CC1,7.214670164989233
COC(=O)/C=C/C(=O)N1CCN(c2nc(=O)n(-c3c(C)ccnc3C(C)C)c3nc(-c4ccccc4F)c(Cl)cc23)[C@@H](C)C1,7.214670164989233
C=CC(=O)N1CCN(c2nc(N3CC(N(C)C)C3)nc3c2C[C@@H](C)[C@H](c2c(Cl)c(C)cc4[nH]ccc24)C3)C[C@H]1C,7.207834387816234